geoid,region_type,region_name,year,measure,value,measure_type,measure_units
51181,county,"Surry County, Virginia",2019,perc_hh_with_cable_fiber_dsl,10.0732600732601,percent,
51043,county,"Clarke County, Virginia",2019,perc_hh_with_cable_fiber_dsl,46.3471133285816,percent,
51117,county,"Mecklenburg County, Virginia",2019,perc_hh_with_cable_fiber_dsl,34.0207039337474,percent,
51015,county,"Augusta County, Virginia",2019,perc_hh_with_cable_fiber_dsl,52.9977318121805,percent,
51075,county,"Goochland County, Virginia",2019,perc_hh_with_cable_fiber_dsl,55.537267810957,percent,
51113,county,"Madison County, Virginia",2019,perc_hh_with_cable_fiber_dsl,34.9363507779349,percent,
51161,county,"Roanoke County, Virginia",2019,perc_hh_with_cable_fiber_dsl,74.373397519753,percent,
51025,county,"Brunswick County, Virginia",2019,perc_hh_with_cable_fiber_dsl,26.1719397051516,percent,
51131,county,"Northampton County, Virginia",2019,perc_hh_with_cable_fiber_dsl,46.7754467754468,percent,
51163,county,"Rockbridge County, Virginia",2019,perc_hh_with_cable_fiber_dsl,45.9558823529412,percent,
51720,county,"Norton city, Virginia",2019,perc_hh_with_cable_fiber_dsl,57.3095823095823,percent,
51570,county,"Colonial Heights city, Virginia",2019,perc_hh_with_cable_fiber_dsl,65.60545764639,percent,
51021,county,"Bland County, Virginia",2019,perc_hh_with_cable_fiber_dsl,41.318124207858,percent,
51023,county,"Botetourt County, Virginia",2019,perc_hh_with_cable_fiber_dsl,59.7331121833534,percent,
51520,county,"Bristol city, Virginia",2019,perc_hh_with_cable_fiber_dsl,68.2028906463049,percent,
51830,county,"Williamsburg city, Virginia",2019,perc_hh_with_cable_fiber_dsl,76.094347641309,percent,
51035,county,"Carroll County, Virginia",2019,perc_hh_with_cable_fiber_dsl,45.1323136683661,percent,
51191,county,"Washington County, Virginia",2019,perc_hh_with_cable_fiber_dsl,63.3573764616281,percent,
51139,county,"Page County, Virginia",2019,perc_hh_with_cable_fiber_dsl,48.1262115011846,percent,
51510,county,"Alexandria city, Virginia",2019,perc_hh_with_cable_fiber_dsl,82.6312360123516,percent,
51650,county,"Hampton city, Virginia",2019,perc_hh_with_cable_fiber_dsl,72.2941720629047,percent,
51013,county,"Arlington County, Virginia",2019,perc_hh_with_cable_fiber_dsl,83.2181029972345,percent,
51027,county,"Buchanan County, Virginia",2019,perc_hh_with_cable_fiber_dsl,47.0066518847007,percent,
51179,county,"Stafford County, Virginia",2019,perc_hh_with_cable_fiber_dsl,85.4954859267127,percent,
51760,county,"Richmond city, Virginia",2019,perc_hh_with_cable_fiber_dsl,63.9804653326098,percent,
51057,county,"Essex County, Virginia",2019,perc_hh_with_cable_fiber_dsl,34.9945115257958,percent,
51185,county,"Tazewell County, Virginia",2019,perc_hh_with_cable_fiber_dsl,54.9936482971387,percent,
51685,county,"Manassas Park city, Virginia",2019,perc_hh_with_cable_fiber_dsl,81.6203404438698,percent,
51183,county,"Sussex County, Virginia",2019,perc_hh_with_cable_fiber_dsl,34.2646283605693,percent,
51683,county,"Manassas city, Virginia",2019,perc_hh_with_cable_fiber_dsl,78.2834547991937,percent,
51775,county,"Salem city, Virginia",2019,perc_hh_with_cable_fiber_dsl,67.3829701372074,percent,
51037,county,"Charlotte County, Virginia",2019,perc_hh_with_cable_fiber_dsl,18.2793391975971,percent,
51081,county,"Greensville County, Virginia",2019,perc_hh_with_cable_fiber_dsl,25.8842884562654,percent,
11001,county,"District of Columbia, District of Columbia",2019,perc_hh_with_cable_fiber_dsl,73.4055122263402,percent,
24047,county,"Worcester County, Maryland",2019,perc_hh_with_cable_fiber_dsl,64.8875005658925,percent,
24041,county,"Talbot County, Maryland",2019,perc_hh_with_cable_fiber_dsl,69.0776179721859,percent,
24027,county,"Howard County, Maryland",2019,perc_hh_with_cable_fiber_dsl,88.2596128580187,percent,
24033,county,"Prince George's County, Maryland",2019,perc_hh_with_cable_fiber_dsl,77.2219063862043,percent,
24003,county,"Anne Arundel County, Maryland",2019,perc_hh_with_cable_fiber_dsl,83.3204647926259,percent,
24005,county,"Baltimore County, Maryland",2019,perc_hh_with_cable_fiber_dsl,76.8106558135233,percent,
24021,county,"Frederick County, Maryland",2019,perc_hh_with_cable_fiber_dsl,77.3112422454229,percent,
24009,county,"Calvert County, Maryland",2019,perc_hh_with_cable_fiber_dsl,81.1653582710412,percent,
24023,county,"Garrett County, Maryland",2019,perc_hh_with_cable_fiber_dsl,46.9778672032193,percent,
24029,county,"Kent County, Maryland",2019,perc_hh_with_cable_fiber_dsl,50.5420560747664,percent,
24031,county,"Montgomery County, Maryland",2019,perc_hh_with_cable_fiber_dsl,84.6442916835153,percent,
24013,county,"Carroll County, Maryland",2019,perc_hh_with_cable_fiber_dsl,66.4389874584417,percent,
24035,county,"Queen Anne's County, Maryland",2019,perc_hh_with_cable_fiber_dsl,68.8378101954029,percent,
24037,county,"St. Mary's County, Maryland",2019,perc_hh_with_cable_fiber_dsl,71.3848885381732,percent,
24017,county,"Charles County, Maryland",2019,perc_hh_with_cable_fiber_dsl,77.3655343241331,percent,
24019,county,"Dorchester County, Maryland",2019,perc_hh_with_cable_fiber_dsl,51.7712205112645,percent,
24043,county,"Washington County, Maryland",2019,perc_hh_with_cable_fiber_dsl,64.5846346033729,percent,
24045,county,"Wicomico County, Maryland",2019,perc_hh_with_cable_fiber_dsl,66.7875003307491,percent,
24015,county,"Cecil County, Maryland",2019,perc_hh_with_cable_fiber_dsl,69.2859841329807,percent,
24011,county,"Caroline County, Maryland",2019,perc_hh_with_cable_fiber_dsl,53.3183632734531,percent,
51093,county,"Isle of Wight County, Virginia",2019,perc_hh_with_cable_fiber_dsl,60.2385685884692,percent,
51620,county,"Franklin city, Virginia",2019,perc_hh_with_cable_fiber_dsl,51.0789324247587,percent,
51678,county,"Lexington city, Virginia",2019,perc_hh_with_cable_fiber_dsl,64.1797961075069,percent,
51089,county,"Henry County, Virginia",2019,perc_hh_with_cable_fiber_dsl,52.5827127910265,percent,
51101,county,"King William County, Virginia",2019,perc_hh_with_cable_fiber_dsl,27.8216518591642,percent,
51109,county,"Louisa County, Virginia",2019,perc_hh_with_cable_fiber_dsl,28.8659793814433,percent,
51147,county,"Prince Edward County, Virginia",2019,perc_hh_with_cable_fiber_dsl,44.384133611691,percent,
51165,county,"Rockingham County, Virginia",2019,perc_hh_with_cable_fiber_dsl,53.4716396721946,percent,
24510,county,"Baltimore city, Maryland",2019,perc_hh_with_cable_fiber_dsl,58.4151625152646,percent,
24039,county,"Somerset County, Maryland",2019,perc_hh_with_cable_fiber_dsl,50.5131793795195,percent,
24025,county,"Harford County, Maryland",2019,perc_hh_with_cable_fiber_dsl,79.6338672768879,percent,
24001,county,"Allegany County, Maryland",2019,perc_hh_with_cable_fiber_dsl,61.3599036461185,percent,
51095,county,"James City County, Virginia",2019,perc_hh_with_cable_fiber_dsl,80.1763485477178,percent,
51167,county,"Russell County, Virginia",2019,perc_hh_with_cable_fiber_dsl,39.40991490936,percent,
51173,county,"Smyth County, Virginia",2019,perc_hh_with_cable_fiber_dsl,56.1563928740344,percent,
51540,county,"Charlottesville city, Virginia",2019,perc_hh_with_cable_fiber_dsl,64.301444915937,percent,
51031,county,"Campbell County, Virginia",2019,perc_hh_with_cable_fiber_dsl,50.3012439859564,percent,
51087,county,"Henrico County, Virginia",2019,perc_hh_with_cable_fiber_dsl,77.7120438410761,percent,
51099,county,"King George County, Virginia",2019,perc_hh_with_cable_fiber_dsl,68.7241903933927,percent,
51103,county,"Lancaster County, Virginia",2019,perc_hh_with_cable_fiber_dsl,41.2485183721849,percent,
51105,county,"Lee County, Virginia",2019,perc_hh_with_cable_fiber_dsl,31.1837359274238,percent,
51115,county,"Mathews County, Virginia",2019,perc_hh_with_cable_fiber_dsl,45.7908163265306,percent,
51119,county,"Middlesex County, Virginia",2019,perc_hh_with_cable_fiber_dsl,46.3393439061482,percent,
51149,county,"Prince George County, Virginia",2019,perc_hh_with_cable_fiber_dsl,57.47805683497,percent,
51159,county,"Richmond County, Virginia",2019,perc_hh_with_cable_fiber_dsl,41.8051482567612,percent,
51169,county,"Scott County, Virginia",2019,perc_hh_with_cable_fiber_dsl,52.6957711159239,percent,
51177,county,"Spotsylvania County, Virginia",2019,perc_hh_with_cable_fiber_dsl,79.9869475200288,percent,
51011,county,"Appomattox County, Virginia",2019,perc_hh_with_cable_fiber_dsl,28.4189788212116,percent,
51067,county,"Franklin County, Virginia",2019,perc_hh_with_cable_fiber_dsl,50.9370787494021,percent,
51097,county,"King and Queen County, Virginia",2019,perc_hh_with_cable_fiber_dsl,16.4758034724788,percent,
51121,county,"Montgomery County, Virginia",2019,perc_hh_with_cable_fiber_dsl,70.5618607257952,percent,
51127,county,"New Kent County, Virginia",2019,perc_hh_with_cable_fiber_dsl,61.6128627056902,percent,
51049,county,"Cumberland County, Virginia",2019,perc_hh_with_cable_fiber_dsl,29.8364779874214,percent,
51051,county,"Dickenson County, Virginia",2019,perc_hh_with_cable_fiber_dsl,37.7985462097612,percent,
51083,county,"Halifax County, Virginia",2019,perc_hh_with_cable_fiber_dsl,32.3138861421105,percent,
51107,county,"Loudoun County, Virginia",2019,perc_hh_with_cable_fiber_dsl,85.9426137114516,percent,
51153,county,"Prince William County, Virginia",2019,perc_hh_with_cable_fiber_dsl,87.2992957746479,percent,
51175,county,"Southampton County, Virginia",2019,perc_hh_with_cable_fiber_dsl,35.0655288021945,percent,
51091,county,"Highland County, Virginia",2019,perc_hh_with_cable_fiber_dsl,65.3061224489796,percent,
51033,county,"Caroline County, Virginia",2019,perc_hh_with_cable_fiber_dsl,46.9486570436689,percent,
51073,county,"Gloucester County, Virginia",2019,perc_hh_with_cable_fiber_dsl,63.6750980657379,percent,
51141,county,"Patrick County, Virginia",2019,perc_hh_with_cable_fiber_dsl,49.1811734364926,percent,
51145,county,"Powhatan County, Virginia",2019,perc_hh_with_cable_fiber_dsl,72.3039454456892,percent,
51171,county,"Shenandoah County, Virginia",2019,perc_hh_with_cable_fiber_dsl,55.9360992989312,percent,
51061,county,"Fauquier County, Virginia",2019,perc_hh_with_cable_fiber_dsl,59.6001954238254,percent,
51790,county,"Staunton city, Virginia",2019,perc_hh_with_cable_fiber_dsl,61.2154383316033,percent,
51065,county,"Fluvanna County, Virginia",2019,perc_hh_with_cable_fiber_dsl,66.9253250025194,percent,
51750,county,"Radford city, Virginia",2019,perc_hh_with_cable_fiber_dsl,61.0802081464202,percent,
51840,county,"Winchester city, Virginia",2019,perc_hh_with_cable_fiber_dsl,64.8141086749285,percent,
51001,county,"Accomack County, Virginia",2019,perc_hh_with_cable_fiber_dsl,46.1899092126805,percent,
51045,county,"Craig County, Virginia",2019,perc_hh_with_cable_fiber_dsl,54.7235524597301,percent,
51063,county,"Floyd County, Virginia",2019,perc_hh_with_cable_fiber_dsl,58.6169721238257,percent,
51071,county,"Giles County, Virginia",2019,perc_hh_with_cable_fiber_dsl,52.8509406657019,percent,
51077,county,"Grayson County, Virginia",2019,perc_hh_with_cable_fiber_dsl,38.9812249923053,percent,
51135,county,"Nottoway County, Virginia",2019,perc_hh_with_cable_fiber_dsl,37.3301505692251,percent,
51157,county,"Rappahannock County, Virginia",2019,perc_hh_with_cable_fiber_dsl,42.4304840370752,percent,
51036,county,"Charles City County, Virginia",2019,perc_hh_with_cable_fiber_dsl,26.1395027624309,percent,
51047,county,"Culpeper County, Virginia",2019,perc_hh_with_cable_fiber_dsl,60.6642844590241,percent,
51053,county,"Dinwiddie County, Virginia",2019,perc_hh_with_cable_fiber_dsl,39.3327564657245,percent,
51079,county,"Greene County, Virginia",2019,perc_hh_with_cable_fiber_dsl,70.0317965023847,percent,
51085,county,"Hanover County, Virginia",2019,perc_hh_with_cable_fiber_dsl,70.0130812835048,percent,
51111,county,"Lunenburg County, Virginia",2019,perc_hh_with_cable_fiber_dsl,28.3950617283951,percent,
51137,county,"Orange County, Virginia",2019,perc_hh_with_cable_fiber_dsl,52.8620513195409,percent,
51595,county,"Emporia city, Virginia",2019,perc_hh_with_cable_fiber_dsl,41.4669223394056,percent,
51197,county,"Wythe County, Virginia",2019,perc_hh_with_cable_fiber_dsl,50.2128014687474,percent,
51550,county,"Chesapeake city, Virginia",2019,perc_hh_with_cable_fiber_dsl,72.3744534408184,percent,
51660,county,"Harrisonburg city, Virginia",2019,perc_hh_with_cable_fiber_dsl,65.8673682951624,percent,
51003,county,"Albemarle County, Virginia",2019,perc_hh_with_cable_fiber_dsl,63.4856371698477,percent,
51019,county,"Bedford County, Virginia",2019,perc_hh_with_cable_fiber_dsl,45.588657917425,percent,
51029,county,"Buckingham County, Virginia",2019,perc_hh_with_cable_fiber_dsl,40.5595605904566,percent,
51195,county,"Wise County, Virginia",2019,perc_hh_with_cable_fiber_dsl,51.6649916247906,percent,
51580,county,"Covington city, Virginia",2019,perc_hh_with_cable_fiber_dsl,64.7651006711409,percent,
51740,county,"Portsmouth city, Virginia",2019,perc_hh_with_cable_fiber_dsl,55.1031069562827,percent,
51810,county,"Virginia Beach city, Virginia",2019,perc_hh_with_cable_fiber_dsl,81.7550556798089,percent,
51005,county,"Alleghany County, Virginia",2019,perc_hh_with_cable_fiber_dsl,61.5454545454545,percent,
51640,county,"Galax city, Virginia",2019,perc_hh_with_cable_fiber_dsl,54.5249718362749,percent,
51193,county,"Westmoreland County, Virginia",2019,perc_hh_with_cable_fiber_dsl,46.5480247381043,percent,
51133,county,"Northumberland County, Virginia",2019,perc_hh_with_cable_fiber_dsl,42.5680515759312,percent,
51155,county,"Pulaski County, Virginia",2019,perc_hh_with_cable_fiber_dsl,48.8199270625473,percent,
51187,county,"Warren County, Virginia",2019,perc_hh_with_cable_fiber_dsl,69.0464814688417,percent,
51590,county,"Danville city, Virginia",2019,perc_hh_with_cable_fiber_dsl,54.8570491444815,percent,
51630,county,"Fredericksburg city, Virginia",2019,perc_hh_with_cable_fiber_dsl,77.0209998141609,percent,
51009,county,"Amherst County, Virginia",2019,perc_hh_with_cable_fiber_dsl,42.96875,percent,
51017,county,"Bath County, Virginia",2019,perc_hh_with_cable_fiber_dsl,54.0810660744031,percent,
51670,county,"Hopewell city, Virginia",2019,perc_hh_with_cable_fiber_dsl,58.0225498699046,percent,
51700,county,"Newport News city, Virginia",2019,perc_hh_with_cable_fiber_dsl,64.6552588243717,percent,
51069,county,"Frederick County, Virginia",2019,perc_hh_with_cable_fiber_dsl,61.5941338920103,percent,
51680,county,"Lynchburg city, Virginia",2019,perc_hh_with_cable_fiber_dsl,65.8472747851307,percent,
51199,county,"York County, Virginia",2019,perc_hh_with_cable_fiber_dsl,83.527865195395,percent,
51690,county,"Martinsville city, Virginia",2019,perc_hh_with_cable_fiber_dsl,53.8141720896602,percent,
51125,county,"Nelson County, Virginia",2019,perc_hh_with_cable_fiber_dsl,24.5209534195358,percent,
51143,county,"Pittsylvania County, Virginia",2019,perc_hh_with_cable_fiber_dsl,45.9816499790612,percent,
51530,county,"Buena Vista city, Virginia",2019,perc_hh_with_cable_fiber_dsl,49.5431068732618,percent,
51610,county,"Falls Church city, Virginia",2019,perc_hh_with_cable_fiber_dsl,86.0003640997633,percent,
51730,county,"Petersburg city, Virginia",2019,perc_hh_with_cable_fiber_dsl,51.0444360045575,percent,
51735,county,"Poquoson city, Virginia",2019,perc_hh_with_cable_fiber_dsl,82.2991508817766,percent,
51600,county,"Fairfax city, Virginia",2019,perc_hh_with_cable_fiber_dsl,89.751661420077,percent,
51820,county,"Waynesboro city, Virginia",2019,perc_hh_with_cable_fiber_dsl,58.4248885021212,percent,
51770,county,"Roanoke city, Virginia",2019,perc_hh_with_cable_fiber_dsl,63.5984666986104,percent,
51800,county,"Suffolk city, Virginia",2019,perc_hh_with_cable_fiber_dsl,67.2292295848878,percent,
51710,county,"Norfolk city, Virginia",2019,perc_hh_with_cable_fiber_dsl,64.4641381730105,percent,
51007,county,"Amelia County, Virginia",2019,perc_hh_with_cable_fiber_dsl,45.7610012111425,percent,
51041,county,"Chesterfield County, Virginia",2019,perc_hh_with_cable_fiber_dsl,81.542917956966,percent,
51059,county,"Fairfax County, Virginia",2019,perc_hh_with_cable_fiber_dsl,87.9591728646334,percent,
24027,county,"Howard County, Maryland",2018,perc_hh_with_cable_fiber_dsl,88.1557282722235,percent,
24033,county,"Prince George's County, Maryland",2018,perc_hh_with_cable_fiber_dsl,76.6212615226211,percent,
24003,county,"Anne Arundel County, Maryland",2018,perc_hh_with_cable_fiber_dsl,82.8549270468548,percent,
24005,county,"Baltimore County, Maryland",2018,perc_hh_with_cable_fiber_dsl,76.546196546644,percent,
24021,county,"Frederick County, Maryland",2018,perc_hh_with_cable_fiber_dsl,76.7868278540561,percent,
24009,county,"Calvert County, Maryland",2018,perc_hh_with_cable_fiber_dsl,79.887158797201,percent,
24023,county,"Garrett County, Maryland",2018,perc_hh_with_cable_fiber_dsl,46.5832850161517,percent,
24029,county,"Kent County, Maryland",2018,perc_hh_with_cable_fiber_dsl,48.7104930467762,percent,
24031,county,"Montgomery County, Maryland",2018,perc_hh_with_cable_fiber_dsl,84.2545249265991,percent,
24013,county,"Carroll County, Maryland",2018,perc_hh_with_cable_fiber_dsl,67.4276261373036,percent,
24035,county,"Queen Anne's County, Maryland",2018,perc_hh_with_cable_fiber_dsl,66.5582984350893,percent,
24037,county,"St. Mary's County, Maryland",2018,perc_hh_with_cable_fiber_dsl,69.9419815531092,percent,
24017,county,"Charles County, Maryland",2018,perc_hh_with_cable_fiber_dsl,75.9583564388315,percent,
24019,county,"Dorchester County, Maryland",2018,perc_hh_with_cable_fiber_dsl,51.5832328106152,percent,
24043,county,"Washington County, Maryland",2018,perc_hh_with_cable_fiber_dsl,63.4165115279966,percent,
24045,county,"Wicomico County, Maryland",2018,perc_hh_with_cable_fiber_dsl,66.6817227728034,percent,
24015,county,"Cecil County, Maryland",2018,perc_hh_with_cable_fiber_dsl,66.2442458705659,percent,
24011,county,"Caroline County, Maryland",2018,perc_hh_with_cable_fiber_dsl,51.080208592004,percent,
51095,county,"James City County, Virginia",2018,perc_hh_with_cable_fiber_dsl,79.9242160884377,percent,
51167,county,"Russell County, Virginia",2018,perc_hh_with_cable_fiber_dsl,37.4281805745554,percent,
51173,county,"Smyth County, Virginia",2018,perc_hh_with_cable_fiber_dsl,54.8559894418135,percent,
51540,county,"Charlottesville city, Virginia",2018,perc_hh_with_cable_fiber_dsl,66.1902971041745,percent,
51031,county,"Campbell County, Virginia",2018,perc_hh_with_cable_fiber_dsl,51.9492965108681,percent,
51087,county,"Henrico County, Virginia",2018,perc_hh_with_cable_fiber_dsl,77.1774276026465,percent,
51099,county,"King George County, Virginia",2018,perc_hh_with_cable_fiber_dsl,64.6050752499176,percent,
51103,county,"Lancaster County, Virginia",2018,perc_hh_with_cable_fiber_dsl,40.4511863088293,percent,
51105,county,"Lee County, Virginia",2018,perc_hh_with_cable_fiber_dsl,31.4132692097497,percent,
51115,county,"Mathews County, Virginia",2018,perc_hh_with_cable_fiber_dsl,43.7052200614125,percent,
51119,county,"Middlesex County, Virginia",2018,perc_hh_with_cable_fiber_dsl,48.9672204759767,percent,
51149,county,"Prince George County, Virginia",2018,perc_hh_with_cable_fiber_dsl,54.6736749890495,percent,
51159,county,"Richmond County, Virginia",2018,perc_hh_with_cable_fiber_dsl,42.2427524689392,percent,
51169,county,"Scott County, Virginia",2018,perc_hh_with_cable_fiber_dsl,52.6976160602258,percent,
51177,county,"Spotsylvania County, Virginia",2018,perc_hh_with_cable_fiber_dsl,78.183025390938,percent,
51011,county,"Appomattox County, Virginia",2018,perc_hh_with_cable_fiber_dsl,28.5643970467596,percent,
51067,county,"Franklin County, Virginia",2018,perc_hh_with_cable_fiber_dsl,46.2863573407202,percent,
51097,county,"King and Queen County, Virginia",2018,perc_hh_with_cable_fiber_dsl,16.4543524416136,percent,
51121,county,"Montgomery County, Virginia",2018,perc_hh_with_cable_fiber_dsl,68.4863173914269,percent,
51127,county,"New Kent County, Virginia",2018,perc_hh_with_cable_fiber_dsl,62.7805003868971,percent,
51049,county,"Cumberland County, Virginia",2018,perc_hh_with_cable_fiber_dsl,27.7567499369165,percent,
51051,county,"Dickenson County, Virginia",2018,perc_hh_with_cable_fiber_dsl,36.055469953775,percent,
51083,county,"Halifax County, Virginia",2018,perc_hh_with_cable_fiber_dsl,33.1051693404635,percent,
51107,county,"Loudoun County, Virginia",2018,perc_hh_with_cable_fiber_dsl,85.0752938735446,percent,
51153,county,"Prince William County, Virginia",2018,perc_hh_with_cable_fiber_dsl,86.3596563040584,percent,
51175,county,"Southampton County, Virginia",2018,perc_hh_with_cable_fiber_dsl,34.5446182152714,percent,
51091,county,"Highland County, Virginia",2018,perc_hh_with_cable_fiber_dsl,64.7373107747106,percent,
51033,county,"Caroline County, Virginia",2018,perc_hh_with_cable_fiber_dsl,43.8090000916506,percent,
51073,county,"Gloucester County, Virginia",2018,perc_hh_with_cable_fiber_dsl,61.3117419879396,percent,
51141,county,"Patrick County, Virginia",2018,perc_hh_with_cable_fiber_dsl,50.5530253741054,percent,
51145,county,"Powhatan County, Virginia",2018,perc_hh_with_cable_fiber_dsl,70.7604637453331,percent,
51171,county,"Shenandoah County, Virginia",2018,perc_hh_with_cable_fiber_dsl,55.4605833092694,percent,
51061,county,"Fauquier County, Virginia",2018,perc_hh_with_cable_fiber_dsl,57.7117494760202,percent,
51790,county,"Staunton city, Virginia",2018,perc_hh_with_cable_fiber_dsl,61.6920152091255,percent,
51065,county,"Fluvanna County, Virginia",2018,perc_hh_with_cable_fiber_dsl,66.0130054866897,percent,
51007,county,"Amelia County, Virginia",2018,perc_hh_with_cable_fiber_dsl,50.3654207558989,percent,
51750,county,"Radford city, Virginia",2018,perc_hh_with_cable_fiber_dsl,64.4170650974623,percent,
51840,county,"Winchester city, Virginia",2018,perc_hh_with_cable_fiber_dsl,65.141178700019,percent,
51001,county,"Accomack County, Virginia",2018,perc_hh_with_cable_fiber_dsl,46.2726662189389,percent,
51045,county,"Craig County, Virginia",2018,perc_hh_with_cable_fiber_dsl,56.0017652250662,percent,
51063,county,"Floyd County, Virginia",2018,perc_hh_with_cable_fiber_dsl,57.0833333333333,percent,
51071,county,"Giles County, Virginia",2018,perc_hh_with_cable_fiber_dsl,52.397309288679,percent,
51077,county,"Grayson County, Virginia",2018,perc_hh_with_cable_fiber_dsl,41.2259247936411,percent,
51135,county,"Nottoway County, Virginia",2018,perc_hh_with_cable_fiber_dsl,38.9750992421508,percent,
51157,county,"Rappahannock County, Virginia",2018,perc_hh_with_cable_fiber_dsl,38.7432795698925,percent,
51036,county,"Charles City County, Virginia",2018,perc_hh_with_cable_fiber_dsl,28.0112044817927,percent,
51047,county,"Culpeper County, Virginia",2018,perc_hh_with_cable_fiber_dsl,56.9425545761108,percent,
51053,county,"Dinwiddie County, Virginia",2018,perc_hh_with_cable_fiber_dsl,38.9952843807141,percent,
51760,county,"Richmond city, Virginia",2018,perc_hh_with_cable_fiber_dsl,62.583754424237,percent,
51057,county,"Essex County, Virginia",2018,perc_hh_with_cable_fiber_dsl,30.4727761595339,percent,
51185,county,"Tazewell County, Virginia",2018,perc_hh_with_cable_fiber_dsl,54.9876775026405,percent,
51685,county,"Manassas Park city, Virginia",2018,perc_hh_with_cable_fiber_dsl,82.0441988950276,percent,
51183,county,"Sussex County, Virginia",2018,perc_hh_with_cable_fiber_dsl,29.3917147351862,percent,
51683,county,"Manassas city, Virginia",2018,perc_hh_with_cable_fiber_dsl,75.8804612126441,percent,
51775,county,"Salem city, Virginia",2018,perc_hh_with_cable_fiber_dsl,65.5702864082583,percent,
51037,county,"Charlotte County, Virginia",2018,perc_hh_with_cable_fiber_dsl,17.0812238608849,percent,
51081,county,"Greensville County, Virginia",2018,perc_hh_with_cable_fiber_dsl,22.885032537961,percent,
51079,county,"Greene County, Virginia",2018,perc_hh_with_cable_fiber_dsl,66.6304200081555,percent,
51085,county,"Hanover County, Virginia",2018,perc_hh_with_cable_fiber_dsl,70.154667219358,percent,
51111,county,"Lunenburg County, Virginia",2018,perc_hh_with_cable_fiber_dsl,29.023320249365,percent,
51137,county,"Orange County, Virginia",2018,perc_hh_with_cable_fiber_dsl,52.4344012487921,percent,
51595,county,"Emporia city, Virginia",2018,perc_hh_with_cable_fiber_dsl,38.0368098159509,percent,
51197,county,"Wythe County, Virginia",2018,perc_hh_with_cable_fiber_dsl,48.8916771225429,percent,
51550,county,"Chesapeake city, Virginia",2018,perc_hh_with_cable_fiber_dsl,71.2572717559064,percent,
51660,county,"Harrisonburg city, Virginia",2018,perc_hh_with_cable_fiber_dsl,63.1202290076336,percent,
51003,county,"Albemarle County, Virginia",2018,perc_hh_with_cable_fiber_dsl,65.0571259726189,percent,
51019,county,"Bedford County, Virginia",2018,perc_hh_with_cable_fiber_dsl,45.2252771902839,percent,
51029,county,"Buckingham County, Virginia",2018,perc_hh_with_cable_fiber_dsl,39.4371031405526,percent,
51195,county,"Wise County, Virginia",2018,perc_hh_with_cable_fiber_dsl,54.7071268015338,percent,
51580,county,"Covington city, Virginia",2018,perc_hh_with_cable_fiber_dsl,56.7040265670403,percent,
51740,county,"Portsmouth city, Virginia",2018,perc_hh_with_cable_fiber_dsl,56.0171094842478,percent,
51810,county,"Virginia Beach city, Virginia",2018,perc_hh_with_cable_fiber_dsl,81.0189615452773,percent,
51005,county,"Alleghany County, Virginia",2018,perc_hh_with_cable_fiber_dsl,59.190031152648,percent,
51640,county,"Galax city, Virginia",2018,perc_hh_with_cable_fiber_dsl,51.4952589350839,percent,
51193,county,"Westmoreland County, Virginia",2018,perc_hh_with_cable_fiber_dsl,42.7745664739884,percent,
51133,county,"Northumberland County, Virginia",2018,perc_hh_with_cable_fiber_dsl,36.545902215969,percent,
51155,county,"Pulaski County, Virginia",2018,perc_hh_with_cable_fiber_dsl,47.0981067125645,percent,
51187,county,"Warren County, Virginia",2018,perc_hh_with_cable_fiber_dsl,67.5429445719452,percent,
51590,county,"Danville city, Virginia",2018,perc_hh_with_cable_fiber_dsl,52.6543644136587,percent,
51630,county,"Fredericksburg city, Virginia",2018,perc_hh_with_cable_fiber_dsl,75.3921753921754,percent,
51009,county,"Amherst County, Virginia",2018,perc_hh_with_cable_fiber_dsl,41.149119893723,percent,
51017,county,"Bath County, Virginia",2018,perc_hh_with_cable_fiber_dsl,54.1770885442721,percent,
51670,county,"Hopewell city, Virginia",2018,perc_hh_with_cable_fiber_dsl,56.8149679103666,percent,
51700,county,"Newport News city, Virginia",2018,perc_hh_with_cable_fiber_dsl,65.4376550689516,percent,
51069,county,"Frederick County, Virginia",2018,perc_hh_with_cable_fiber_dsl,60.317050334162,percent,
51680,county,"Lynchburg city, Virginia",2018,perc_hh_with_cable_fiber_dsl,63.4899711425416,percent,
51199,county,"York County, Virginia",2018,perc_hh_with_cable_fiber_dsl,84.2304098793517,percent,
51690,county,"Martinsville city, Virginia",2018,perc_hh_with_cable_fiber_dsl,54.7424511545293,percent,
51125,county,"Nelson County, Virginia",2018,perc_hh_with_cable_fiber_dsl,25.8029480217223,percent,
51143,county,"Pittsylvania County, Virginia",2018,perc_hh_with_cable_fiber_dsl,42.5142423091531,percent,
51530,county,"Buena Vista city, Virginia",2018,perc_hh_with_cable_fiber_dsl,47.8534856242615,percent,
51610,county,"Falls Church city, Virginia",2018,perc_hh_with_cable_fiber_dsl,86.7350817179779,percent,
51730,county,"Petersburg city, Virginia",2018,perc_hh_with_cable_fiber_dsl,50.4294108784089,percent,
51735,county,"Poquoson city, Virginia",2018,perc_hh_with_cable_fiber_dsl,83.1202600216685,percent,
51600,county,"Fairfax city, Virginia",2018,perc_hh_with_cable_fiber_dsl,88.4017303869987,percent,
51820,county,"Waynesboro city, Virginia",2018,perc_hh_with_cable_fiber_dsl,59.4706911636045,percent,
51770,county,"Roanoke city, Virginia",2018,perc_hh_with_cable_fiber_dsl,62.3997906606085,percent,
51800,county,"Suffolk city, Virginia",2018,perc_hh_with_cable_fiber_dsl,66.0612085065365,percent,
51710,county,"Norfolk city, Virginia",2018,perc_hh_with_cable_fiber_dsl,63.2715104078044,percent,
51041,county,"Chesterfield County, Virginia",2018,perc_hh_with_cable_fiber_dsl,81.3153402162426,percent,
51059,county,"Fairfax County, Virginia",2018,perc_hh_with_cable_fiber_dsl,87.7101359624994,percent,
51093,county,"Isle of Wight County, Virginia",2018,perc_hh_with_cable_fiber_dsl,57.1029082774049,percent,
51620,county,"Franklin city, Virginia",2018,perc_hh_with_cable_fiber_dsl,50.4254112308565,percent,
51678,county,"Lexington city, Virginia",2018,perc_hh_with_cable_fiber_dsl,62.7520161290323,percent,
51089,county,"Henry County, Virginia",2018,perc_hh_with_cable_fiber_dsl,52.0001852023335,percent,
51101,county,"King William County, Virginia",2018,perc_hh_with_cable_fiber_dsl,26.353322528363,percent,
51109,county,"Louisa County, Virginia",2018,perc_hh_with_cable_fiber_dsl,26.8066298342541,percent,
51147,county,"Prince Edward County, Virginia",2018,perc_hh_with_cable_fiber_dsl,47.5720050090441,percent,
51165,county,"Rockingham County, Virginia",2018,perc_hh_with_cable_fiber_dsl,51.6674206682608,percent,
51181,county,"Surry County, Virginia",2018,perc_hh_with_cable_fiber_dsl,12.3913043478261,percent,
51043,county,"Clarke County, Virginia",2018,perc_hh_with_cable_fiber_dsl,43.6424898031566,percent,
51117,county,"Mecklenburg County, Virginia",2018,perc_hh_with_cable_fiber_dsl,32.5433770630554,percent,
51015,county,"Augusta County, Virginia",2018,perc_hh_with_cable_fiber_dsl,52.2237771785507,percent,
51075,county,"Goochland County, Virginia",2018,perc_hh_with_cable_fiber_dsl,53.702824590553,percent,
51113,county,"Madison County, Virginia",2018,perc_hh_with_cable_fiber_dsl,33.8716029933044,percent,
51161,county,"Roanoke County, Virginia",2018,perc_hh_with_cable_fiber_dsl,72.8868372323501,percent,
51025,county,"Brunswick County, Virginia",2018,perc_hh_with_cable_fiber_dsl,23.3465608465608,percent,
51131,county,"Northampton County, Virginia",2018,perc_hh_with_cable_fiber_dsl,46.9811687051058,percent,
51163,county,"Rockbridge County, Virginia",2018,perc_hh_with_cable_fiber_dsl,44.4147455173182,percent,
51720,county,"Norton city, Virginia",2018,perc_hh_with_cable_fiber_dsl,57.17427157779,percent,
51570,county,"Colonial Heights city, Virginia",2018,perc_hh_with_cable_fiber_dsl,65.5231074567621,percent,
51021,county,"Bland County, Virginia",2018,perc_hh_with_cable_fiber_dsl,42.2909235037654,percent,
51023,county,"Botetourt County, Virginia",2018,perc_hh_with_cable_fiber_dsl,60.5881012081149,percent,
51520,county,"Bristol city, Virginia",2018,perc_hh_with_cable_fiber_dsl,65.158065387733,percent,
51830,county,"Williamsburg city, Virginia",2018,perc_hh_with_cable_fiber_dsl,77.2805139186296,percent,
51035,county,"Carroll County, Virginia",2018,perc_hh_with_cable_fiber_dsl,46.5131313131313,percent,
51191,county,"Washington County, Virginia",2018,perc_hh_with_cable_fiber_dsl,62.8811965429224,percent,
51139,county,"Page County, Virginia",2018,perc_hh_with_cable_fiber_dsl,46.2732919254658,percent,
51510,county,"Alexandria city, Virginia",2018,perc_hh_with_cable_fiber_dsl,81.5516083396447,percent,
51650,county,"Hampton city, Virginia",2018,perc_hh_with_cable_fiber_dsl,71.901303538175,percent,
51013,county,"Arlington County, Virginia",2018,perc_hh_with_cable_fiber_dsl,83.724550212002,percent,
51027,county,"Buchanan County, Virginia",2018,perc_hh_with_cable_fiber_dsl,42.7798444369293,percent,
11001,county,"District of Columbia, District of Columbia",2018,perc_hh_with_cable_fiber_dsl,71.7018221113173,percent,
24047,county,"Worcester County, Maryland",2018,perc_hh_with_cable_fiber_dsl,64.5071982281285,percent,
24041,county,"Talbot County, Maryland",2018,perc_hh_with_cable_fiber_dsl,66.6807000661575,percent,
51179,county,"Stafford County, Virginia",2018,perc_hh_with_cable_fiber_dsl,84.5385080297013,percent,
24025,county,"Harford County, Maryland",2018,perc_hh_with_cable_fiber_dsl,78.6849044872757,percent,
24001,county,"Allegany County, Maryland",2018,perc_hh_with_cable_fiber_dsl,59.9956891906455,percent,
24510,county,"Baltimore city, Maryland",2018,perc_hh_with_cable_fiber_dsl,57.3940176818937,percent,
24039,county,"Somerset County, Maryland",2018,perc_hh_with_cable_fiber_dsl,46.653942502684,percent,
24047,county,"Worcester County, Maryland",2017,perc_hh_with_cable_fiber_dsl,63.6951392166116,percent,
24510,county,"Baltimore city, Maryland",2017,perc_hh_with_cable_fiber_dsl,56.6818604534782,percent,
24039,county,"Somerset County, Maryland",2017,perc_hh_with_cable_fiber_dsl,46.0176991150442,percent,
24041,county,"Talbot County, Maryland",2017,perc_hh_with_cable_fiber_dsl,64.2320281246212,percent,
24025,county,"Harford County, Maryland",2017,perc_hh_with_cable_fiber_dsl,78.4143387695786,percent,
24001,county,"Allegany County, Maryland",2017,perc_hh_with_cable_fiber_dsl,59.9229078857308,percent,
24027,county,"Howard County, Maryland",2017,perc_hh_with_cable_fiber_dsl,88.1432048645105,percent,
24033,county,"Prince George's County, Maryland",2017,perc_hh_with_cable_fiber_dsl,75.4175171343424,percent,
24003,county,"Anne Arundel County, Maryland",2017,perc_hh_with_cable_fiber_dsl,82.4299520436233,percent,
24005,county,"Baltimore County, Maryland",2017,perc_hh_with_cable_fiber_dsl,76.1899130279135,percent,
24021,county,"Frederick County, Maryland",2017,perc_hh_with_cable_fiber_dsl,76.0247495056764,percent,
24009,county,"Calvert County, Maryland",2017,perc_hh_with_cable_fiber_dsl,80.4971076218931,percent,
24023,county,"Garrett County, Maryland",2017,perc_hh_with_cable_fiber_dsl,44.8798988621997,percent,
24029,county,"Kent County, Maryland",2017,perc_hh_with_cable_fiber_dsl,46.4562787639711,percent,
24031,county,"Montgomery County, Maryland",2017,perc_hh_with_cable_fiber_dsl,83.8019510239897,percent,
24013,county,"Carroll County, Maryland",2017,perc_hh_with_cable_fiber_dsl,68.2155149589621,percent,
24035,county,"Queen Anne's County, Maryland",2017,perc_hh_with_cable_fiber_dsl,64.0511253125868,percent,
24037,county,"St. Mary's County, Maryland",2017,perc_hh_with_cable_fiber_dsl,68.6067827681027,percent,
24017,county,"Charles County, Maryland",2017,perc_hh_with_cable_fiber_dsl,75.7092456535972,percent,
24019,county,"Dorchester County, Maryland",2017,perc_hh_with_cable_fiber_dsl,50.757341576507,percent,
24043,county,"Washington County, Maryland",2017,perc_hh_with_cable_fiber_dsl,62.8993374881694,percent,
24045,county,"Wicomico County, Maryland",2017,perc_hh_with_cable_fiber_dsl,66.0163036215422,percent,
24015,county,"Cecil County, Maryland",2017,perc_hh_with_cable_fiber_dsl,65.3603409213507,percent,
24011,county,"Caroline County, Maryland",2017,perc_hh_with_cable_fiber_dsl,50.8336112037346,percent,
51093,county,"Isle of Wight County, Virginia",2017,perc_hh_with_cable_fiber_dsl,56.0005650914742,percent,
51095,county,"James City County, Virginia",2017,perc_hh_with_cable_fiber_dsl,79.1974656810982,percent,
51167,county,"Russell County, Virginia",2017,perc_hh_with_cable_fiber_dsl,38.0111691587101,percent,
51620,county,"Franklin city, Virginia",2017,perc_hh_with_cable_fiber_dsl,53.4870317002882,percent,
51173,county,"Smyth County, Virginia",2017,perc_hh_with_cable_fiber_dsl,52.9035778314756,percent,
51540,county,"Charlottesville city, Virginia",2017,perc_hh_with_cable_fiber_dsl,66.2375054324207,percent,
51678,county,"Lexington city, Virginia",2017,perc_hh_with_cable_fiber_dsl,60.7235142118863,percent,
51031,county,"Campbell County, Virginia",2017,perc_hh_with_cable_fiber_dsl,52.2469922151451,percent,
51087,county,"Henrico County, Virginia",2017,perc_hh_with_cable_fiber_dsl,75.8728144947072,percent,
51089,county,"Henry County, Virginia",2017,perc_hh_with_cable_fiber_dsl,51.1213392897432,percent,
51099,county,"King George County, Virginia",2017,perc_hh_with_cable_fiber_dsl,62.8510922871155,percent,
51101,county,"King William County, Virginia",2017,perc_hh_with_cable_fiber_dsl,26.5833196249383,percent,
51103,county,"Lancaster County, Virginia",2017,perc_hh_with_cable_fiber_dsl,39.8149970478252,percent,
51105,county,"Lee County, Virginia",2017,perc_hh_with_cable_fiber_dsl,32.7010131493856,percent,
51109,county,"Louisa County, Virginia",2017,perc_hh_with_cable_fiber_dsl,26.3103115010036,percent,
51115,county,"Mathews County, Virginia",2017,perc_hh_with_cable_fiber_dsl,38.6086032926182,percent,
51119,county,"Middlesex County, Virginia",2017,perc_hh_with_cable_fiber_dsl,49.093321539142,percent,
51147,county,"Prince Edward County, Virginia",2017,perc_hh_with_cable_fiber_dsl,46.5732729020739,percent,
51149,county,"Prince George County, Virginia",2017,perc_hh_with_cable_fiber_dsl,54.5848822800496,percent,
51159,county,"Richmond County, Virginia",2017,perc_hh_with_cable_fiber_dsl,39.7538461538462,percent,
51165,county,"Rockingham County, Virginia",2017,perc_hh_with_cable_fiber_dsl,51.2539750188506,percent,
51169,county,"Scott County, Virginia",2017,perc_hh_with_cable_fiber_dsl,51.8605169340463,percent,
51177,county,"Spotsylvania County, Virginia",2017,perc_hh_with_cable_fiber_dsl,76.5960396497146,percent,
51181,county,"Surry County, Virginia",2017,perc_hh_with_cable_fiber_dsl,12.946267580238,percent,
51011,county,"Appomattox County, Virginia",2017,perc_hh_with_cable_fiber_dsl,26.2273032952253,percent,
51043,county,"Clarke County, Virginia",2017,perc_hh_with_cable_fiber_dsl,42.5466954022989,percent,
51067,county,"Franklin County, Virginia",2017,perc_hh_with_cable_fiber_dsl,45.7656337542559,percent,
51097,county,"King and Queen County, Virginia",2017,perc_hh_with_cable_fiber_dsl,13.3404482390608,percent,
51117,county,"Mecklenburg County, Virginia",2017,perc_hh_with_cable_fiber_dsl,32.6347051336445,percent,
51121,county,"Montgomery County, Virginia",2017,perc_hh_with_cable_fiber_dsl,68.4712033055064,percent,
51127,county,"New Kent County, Virginia",2017,perc_hh_with_cable_fiber_dsl,61.7339510258107,percent,
51015,county,"Augusta County, Virginia",2017,perc_hh_with_cable_fiber_dsl,51.3407433136506,percent,
51049,county,"Cumberland County, Virginia",2017,perc_hh_with_cable_fiber_dsl,25.730110775428,percent,
51051,county,"Dickenson County, Virginia",2017,perc_hh_with_cable_fiber_dsl,35.8267716535433,percent,
51075,county,"Goochland County, Virginia",2017,perc_hh_with_cable_fiber_dsl,52.9853457672278,percent,
51083,county,"Halifax County, Virginia",2017,perc_hh_with_cable_fiber_dsl,33.1652939505822,percent,
51107,county,"Loudoun County, Virginia",2017,perc_hh_with_cable_fiber_dsl,84.1729940065458,percent,
51113,county,"Madison County, Virginia",2017,perc_hh_with_cable_fiber_dsl,31.1924809085569,percent,
51153,county,"Prince William County, Virginia",2017,perc_hh_with_cable_fiber_dsl,83.8341492828737,percent,
51161,county,"Roanoke County, Virginia",2017,perc_hh_with_cable_fiber_dsl,72.5035125149607,percent,
51175,county,"Southampton County, Virginia",2017,perc_hh_with_cable_fiber_dsl,31.7677070828331,percent,
51091,county,"Highland County, Virginia",2017,perc_hh_with_cable_fiber_dsl,57.7815993121238,percent,
51025,county,"Brunswick County, Virginia",2017,perc_hh_with_cable_fiber_dsl,19.7916666666667,percent,
51033,county,"Caroline County, Virginia",2017,perc_hh_with_cable_fiber_dsl,42.8663892741563,percent,
51073,county,"Gloucester County, Virginia",2017,perc_hh_with_cable_fiber_dsl,62.4033636240336,percent,
51131,county,"Northampton County, Virginia",2017,perc_hh_with_cable_fiber_dsl,47.2667568089627,percent,
51141,county,"Patrick County, Virginia",2017,perc_hh_with_cable_fiber_dsl,52.3402048489563,percent,
51145,county,"Powhatan County, Virginia",2017,perc_hh_with_cable_fiber_dsl,68.2574694204933,percent,
51163,county,"Rockbridge County, Virginia",2017,perc_hh_with_cable_fiber_dsl,42.9475982532751,percent,
51171,county,"Shenandoah County, Virginia",2017,perc_hh_with_cable_fiber_dsl,57.3629938593442,percent,
51061,county,"Fauquier County, Virginia",2017,perc_hh_with_cable_fiber_dsl,54.7266586047287,percent,
51720,county,"Norton city, Virginia",2017,perc_hh_with_cable_fiber_dsl,57.9507278835386,percent,
51790,county,"Staunton city, Virginia",2017,perc_hh_with_cable_fiber_dsl,62.6706118163596,percent,
51065,county,"Fluvanna County, Virginia",2017,perc_hh_with_cable_fiber_dsl,67.6536655094956,percent,
51007,county,"Amelia County, Virginia",2017,perc_hh_with_cable_fiber_dsl,47.3292189827623,percent,
51750,county,"Radford city, Virginia",2017,perc_hh_with_cable_fiber_dsl,62.6385607850263,percent,
51840,county,"Winchester city, Virginia",2017,perc_hh_with_cable_fiber_dsl,64.3155893536122,percent,
51001,county,"Accomack County, Virginia",2017,perc_hh_with_cable_fiber_dsl,49.4455943228859,percent,
51045,county,"Craig County, Virginia",2017,perc_hh_with_cable_fiber_dsl,48.1655290102389,percent,
51063,county,"Floyd County, Virginia",2017,perc_hh_with_cable_fiber_dsl,54.4917625116568,percent,
51071,county,"Giles County, Virginia",2017,perc_hh_with_cable_fiber_dsl,49.2945823927765,percent,
51077,county,"Grayson County, Virginia",2017,perc_hh_with_cable_fiber_dsl,40.5831955508793,percent,
51135,county,"Nottoway County, Virginia",2017,perc_hh_with_cable_fiber_dsl,37.3690750932008,percent,
51157,county,"Rappahannock County, Virginia",2017,perc_hh_with_cable_fiber_dsl,38.3264132864899,percent,
51036,county,"Charles City County, Virginia",2017,perc_hh_with_cable_fiber_dsl,27.5957226629872,percent,
51047,county,"Culpeper County, Virginia",2017,perc_hh_with_cable_fiber_dsl,54.7900457326127,percent,
51053,county,"Dinwiddie County, Virginia",2017,perc_hh_with_cable_fiber_dsl,39.3254083309172,percent,
51079,county,"Greene County, Virginia",2017,perc_hh_with_cable_fiber_dsl,65.1928374655647,percent,
51085,county,"Hanover County, Virginia",2017,perc_hh_with_cable_fiber_dsl,68.0721314907873,percent,
51111,county,"Lunenburg County, Virginia",2017,perc_hh_with_cable_fiber_dsl,28.3258928571429,percent,
51137,county,"Orange County, Virginia",2017,perc_hh_with_cable_fiber_dsl,51.4847809948033,percent,
51595,county,"Emporia city, Virginia",2017,perc_hh_with_cable_fiber_dsl,36.6682397357244,percent,
51197,county,"Wythe County, Virginia",2017,perc_hh_with_cable_fiber_dsl,49.2684157416751,percent,
51550,county,"Chesapeake city, Virginia",2017,perc_hh_with_cable_fiber_dsl,71.33721140297,percent,
51570,county,"Colonial Heights city, Virginia",2017,perc_hh_with_cable_fiber_dsl,62.7044557247603,percent,
51660,county,"Harrisonburg city, Virginia",2017,perc_hh_with_cable_fiber_dsl,61.6393637226971,percent,
51003,county,"Albemarle County, Virginia",2017,perc_hh_with_cable_fiber_dsl,68.5367987004873,percent,
51021,county,"Bland County, Virginia",2017,perc_hh_with_cable_fiber_dsl,46.7786021085513,percent,
51019,county,"Bedford County, Virginia",2017,perc_hh_with_cable_fiber_dsl,44.7796423836777,percent,
51023,county,"Botetourt County, Virginia",2017,perc_hh_with_cable_fiber_dsl,59.3745278743013,percent,
51029,county,"Buckingham County, Virginia",2017,perc_hh_with_cable_fiber_dsl,38.8606485539001,percent,
51195,county,"Wise County, Virginia",2017,perc_hh_with_cable_fiber_dsl,55.3429555084746,percent,
51520,county,"Bristol city, Virginia",2017,perc_hh_with_cable_fiber_dsl,64.1817201401995,percent,
51580,county,"Covington city, Virginia",2017,perc_hh_with_cable_fiber_dsl,51.062942892872,percent,
51740,county,"Portsmouth city, Virginia",2017,perc_hh_with_cable_fiber_dsl,56.7648022722307,percent,
51830,county,"Williamsburg city, Virginia",2017,perc_hh_with_cable_fiber_dsl,75.6506775650678,percent,
51810,county,"Virginia Beach city, Virginia",2017,perc_hh_with_cable_fiber_dsl,80.9313722567683,percent,
51005,county,"Alleghany County, Virginia",2017,perc_hh_with_cable_fiber_dsl,56.0151471016604,percent,
51035,county,"Carroll County, Virginia",2017,perc_hh_with_cable_fiber_dsl,46.75241671327,percent,
51640,county,"Galax city, Virginia",2017,perc_hh_with_cable_fiber_dsl,49.6651392315827,percent,
51191,county,"Washington County, Virginia",2017,perc_hh_with_cable_fiber_dsl,61.2872967661247,percent,
51193,county,"Westmoreland County, Virginia",2017,perc_hh_with_cable_fiber_dsl,44.2120885051268,percent,
51133,county,"Northumberland County, Virginia",2017,perc_hh_with_cable_fiber_dsl,28.4205057152754,percent,
51139,county,"Page County, Virginia",2017,perc_hh_with_cable_fiber_dsl,45.1568606739199,percent,
51155,county,"Pulaski County, Virginia",2017,perc_hh_with_cable_fiber_dsl,45.256225560815,percent,
51187,county,"Warren County, Virginia",2017,perc_hh_with_cable_fiber_dsl,67.1317829457364,percent,
51510,county,"Alexandria city, Virginia",2017,perc_hh_with_cable_fiber_dsl,80.911116613023,percent,
51590,county,"Danville city, Virginia",2017,perc_hh_with_cable_fiber_dsl,51.0125830318086,percent,
51630,county,"Fredericksburg city, Virginia",2017,perc_hh_with_cable_fiber_dsl,73.8074671273635,percent,
51650,county,"Hampton city, Virginia",2017,perc_hh_with_cable_fiber_dsl,72.0306227243021,percent,
51009,county,"Amherst County, Virginia",2017,perc_hh_with_cable_fiber_dsl,39.7440132122213,percent,
51013,county,"Arlington County, Virginia",2017,perc_hh_with_cable_fiber_dsl,84.0465252663474,percent,
51017,county,"Bath County, Virginia",2017,perc_hh_with_cable_fiber_dsl,49.5397942609637,percent,
51670,county,"Hopewell city, Virginia",2017,perc_hh_with_cable_fiber_dsl,52.2196645840184,percent,
51027,county,"Buchanan County, Virginia",2017,perc_hh_with_cable_fiber_dsl,40.6672578142319,percent,
51700,county,"Newport News city, Virginia",2017,perc_hh_with_cable_fiber_dsl,67.9676691181825,percent,
51069,county,"Frederick County, Virginia",2017,perc_hh_with_cable_fiber_dsl,57.5799311362518,percent,
51179,county,"Stafford County, Virginia",2017,perc_hh_with_cable_fiber_dsl,83.8813540632925,percent,
51680,county,"Lynchburg city, Virginia",2017,perc_hh_with_cable_fiber_dsl,61.3179396092362,percent,
51199,county,"York County, Virginia",2017,perc_hh_with_cable_fiber_dsl,84.5888299839724,percent,
51760,county,"Richmond city, Virginia",2017,perc_hh_with_cable_fiber_dsl,60.6053474977028,percent,
51690,county,"Martinsville city, Virginia",2017,perc_hh_with_cable_fiber_dsl,50.1567944250871,percent,
51125,county,"Nelson County, Virginia",2017,perc_hh_with_cable_fiber_dsl,24.6512340947417,percent,
51057,county,"Essex County, Virginia",2017,perc_hh_with_cable_fiber_dsl,28.8814317673378,percent,
51143,county,"Pittsylvania County, Virginia",2017,perc_hh_with_cable_fiber_dsl,41.293513695807,percent,
51185,county,"Tazewell County, Virginia",2017,perc_hh_with_cable_fiber_dsl,52.4235429890364,percent,
51530,county,"Buena Vista city, Virginia",2017,perc_hh_with_cable_fiber_dsl,50.575594781274,percent,
51610,county,"Falls Church city, Virginia",2017,perc_hh_with_cable_fiber_dsl,84.7023360964582,percent,
51685,county,"Manassas Park city, Virginia",2017,perc_hh_with_cable_fiber_dsl,81.8124738384261,percent,
51730,county,"Petersburg city, Virginia",2017,perc_hh_with_cable_fiber_dsl,48.4165284270849,percent,
51735,county,"Poquoson city, Virginia",2017,perc_hh_with_cable_fiber_dsl,83.4606153174776,percent,
51183,county,"Sussex County, Virginia",2017,perc_hh_with_cable_fiber_dsl,26.8299881936246,percent,
51600,county,"Fairfax city, Virginia",2017,perc_hh_with_cable_fiber_dsl,86.7866807859748,percent,
51820,county,"Waynesboro city, Virginia",2017,perc_hh_with_cable_fiber_dsl,56.8141980718668,percent,
51683,county,"Manassas city, Virginia",2017,perc_hh_with_cable_fiber_dsl,75.5103668261563,percent,
51770,county,"Roanoke city, Virginia",2017,perc_hh_with_cable_fiber_dsl,61.0540240474334,percent,
51775,county,"Salem city, Virginia",2017,perc_hh_with_cable_fiber_dsl,66.3399019705912,percent,
51800,county,"Suffolk city, Virginia",2017,perc_hh_with_cable_fiber_dsl,66.2862268411122,percent,
51710,county,"Norfolk city, Virginia",2017,perc_hh_with_cable_fiber_dsl,62.8522963013903,percent,
51037,county,"Charlotte County, Virginia",2017,perc_hh_with_cable_fiber_dsl,16.4923213888271,percent,
51041,county,"Chesterfield County, Virginia",2017,perc_hh_with_cable_fiber_dsl,80.6173339839712,percent,
51059,county,"Fairfax County, Virginia",2017,perc_hh_with_cable_fiber_dsl,87.5108038029386,percent,
51081,county,"Greensville County, Virginia",2017,perc_hh_with_cable_fiber_dsl,17.6486708687312,percent,
11001,county,"District of Columbia, District of Columbia",2017,perc_hh_with_cable_fiber_dsl,70.1595409824271,percent,
1,health district,Alexandria,2017,perc_hh_with_cable_fiber_dsl,80.911116613023,percent,
1,health district,Alexandria,2018,perc_hh_with_cable_fiber_dsl,81.5516083396447,percent,
1,health district,Alexandria,2019,perc_hh_with_cable_fiber_dsl,82.6312360123516,percent,
10,health district,Cumberland Plateau,2017,perc_hh_with_cable_fiber_dsl,43.9908151549943,percent,
10,health district,Cumberland Plateau,2018,perc_hh_with_cable_fiber_dsl,45.3568669678597,percent,
10,health district,Cumberland Plateau,2019,perc_hh_with_cable_fiber_dsl,46.9273207004078,percent,
11,health district,Eastern Shore,2017,perc_hh_with_cable_fiber_dsl,48.8425554664528,percent,
11,health district,Eastern Shore,2018,perc_hh_with_cable_fiber_dsl,46.4693833548944,percent,
11,health district,Eastern Shore,2019,perc_hh_with_cable_fiber_dsl,46.3520929732056,percent,
12,health district,Fairfax,2017,perc_hh_with_cable_fiber_dsl,87.4590789981016,percent,
12,health district,Fairfax,2018,perc_hh_with_cable_fiber_dsl,87.7120574533021,percent,
12,health district,Fairfax,2019,perc_hh_with_cable_fiber_dsl,87.9704119384954,percent,
13,health district,Hampton,2017,perc_hh_with_cable_fiber_dsl,72.0306227243021,percent,
13,health district,Hampton,2018,perc_hh_with_cable_fiber_dsl,71.901303538175,percent,
13,health district,Hampton,2019,perc_hh_with_cable_fiber_dsl,72.2941720629047,percent,
14,health district,Henrico,2017,perc_hh_with_cable_fiber_dsl,75.8728144947072,percent,
14,health district,Henrico,2018,perc_hh_with_cable_fiber_dsl,77.1774276026465,percent,
14,health district,Henrico,2019,perc_hh_with_cable_fiber_dsl,77.7120438410761,percent,
15,health district,Lenowisco,2017,perc_hh_with_cable_fiber_dsl,48.6085818347371,percent,
15,health district,Lenowisco,2018,perc_hh_with_cable_fiber_dsl,48.2172054731649,percent,
15,health district,Lenowisco,2019,perc_hh_with_cable_fiber_dsl,46.7585206671501,percent,
16,health district,Lord Fairfax,2017,perc_hh_with_cable_fiber_dsl,57.5952549656008,percent,
16,health district,Lord Fairfax,2018,perc_hh_with_cable_fiber_dsl,58.5659538765051,percent,
16,health district,Lord Fairfax,2019,perc_hh_with_cable_fiber_dsl,59.7263446663069,percent,
17,health district,Loudoun,2017,perc_hh_with_cable_fiber_dsl,84.1729940065458,percent,
17,health district,Loudoun,2018,perc_hh_with_cable_fiber_dsl,85.0752938735446,percent,
17,health district,Loudoun,2019,perc_hh_with_cable_fiber_dsl,85.9426137114516,percent,
18,health district,Mount Rogers,2017,perc_hh_with_cable_fiber_dsl,53.4635564827107,percent,
18,health district,Mount Rogers,2018,perc_hh_with_cable_fiber_dsl,54.2316922959708,percent,
18,health district,Mount Rogers,2019,perc_hh_with_cable_fiber_dsl,54.7571251390505,percent,
19,health district,New River,2017,perc_hh_with_cable_fiber_dsl,59.8505326761011,percent,
19,health district,New River,2018,perc_hh_with_cable_fiber_dsl,60.9536662168241,percent,
19,health district,New River,2019,perc_hh_with_cable_fiber_dsl,62.3421105876232,percent,
2,health district,Alleghany,2017,perc_hh_with_cable_fiber_dsl,66.2654548431999,percent,
2,health district,Alleghany,2018,perc_hh_with_cable_fiber_dsl,67.3411079518139,percent,
2,health district,Alleghany,2019,perc_hh_with_cable_fiber_dsl,68.6470644890546,percent,
20,health district,Norfolk,2017,perc_hh_with_cable_fiber_dsl,62.8522963013903,percent,
20,health district,Norfolk,2018,perc_hh_with_cable_fiber_dsl,63.2715104078044,percent,
20,health district,Norfolk,2019,perc_hh_with_cable_fiber_dsl,64.4641381730105,percent,
21,health district,Peninsula,2017,perc_hh_with_cable_fiber_dsl,74.3225658297612,percent,
21,health district,Peninsula,2018,perc_hh_with_cable_fiber_dsl,73.1370083035335,percent,
21,health district,Peninsula,2019,perc_hh_with_cable_fiber_dsl,72.5970095451234,percent,
22,health district,Piedmont,2017,perc_hh_with_cable_fiber_dsl,35.763726112015,percent,
22,health district,Piedmont,2018,perc_hh_with_cable_fiber_dsl,37.0957934884749,percent,
22,health district,Piedmont,2019,perc_hh_with_cable_fiber_dsl,36.073197578426,percent,
23,health district,Pittsylvania-Danville,2017,perc_hh_with_cable_fiber_dsl,45.2747544465092,percent,
23,health district,Pittsylvania-Danville,2018,perc_hh_with_cable_fiber_dsl,46.6959762547702,percent,
23,health district,Pittsylvania-Danville,2019,perc_hh_with_cable_fiber_dsl,49.6252244165171,percent,
24,health district,Portsmouth,2017,perc_hh_with_cable_fiber_dsl,56.7648022722307,percent,
24,health district,Portsmouth,2018,perc_hh_with_cable_fiber_dsl,56.0171094842478,percent,
24,health district,Portsmouth,2019,perc_hh_with_cable_fiber_dsl,55.1031069562827,percent,
25,health district,Prince William,2017,perc_hh_with_cable_fiber_dsl,83.1060373889059,percent,
25,health district,Prince William,2018,perc_hh_with_cable_fiber_dsl,85.3851122030292,percent,
25,health district,Prince William,2019,perc_hh_with_cable_fiber_dsl,86.4052049968973,percent,
26,health district,Rappahannock,2017,perc_hh_with_cable_fiber_dsl,75.023983842464,percent,
26,health district,Rappahannock,2018,perc_hh_with_cable_fiber_dsl,76.2448072569879,percent,
26,health district,Rappahannock,2019,perc_hh_with_cable_fiber_dsl,78.0437996748924,percent,
27,health district,Rappahannock Rapidan,2017,perc_hh_with_cable_fiber_dsl,51.3018584268944,percent,
27,health district,Rappahannock Rapidan,2018,perc_hh_with_cable_fiber_dsl,53.5438216215355,percent,
27,health district,Rappahannock Rapidan,2019,perc_hh_with_cable_fiber_dsl,55.7048785892931,percent,
28,health district,Richmond,2017,perc_hh_with_cable_fiber_dsl,60.6053474977028,percent,
28,health district,Richmond,2018,perc_hh_with_cable_fiber_dsl,62.583754424237,percent,
28,health district,Richmond,2019,perc_hh_with_cable_fiber_dsl,63.9804653326098,percent,
29,health district,Roanoke,2017,perc_hh_with_cable_fiber_dsl,61.0540240474334,percent,
29,health district,Roanoke,2018,perc_hh_with_cable_fiber_dsl,62.3997906606085,percent,
29,health district,Roanoke,2019,perc_hh_with_cable_fiber_dsl,63.5984666986104,percent,
3,health district,Arlington,2017,perc_hh_with_cable_fiber_dsl,84.0465252663474,percent,
3,health district,Arlington,2018,perc_hh_with_cable_fiber_dsl,83.724550212002,percent,
3,health district,Arlington,2019,perc_hh_with_cable_fiber_dsl,83.2181029972345,percent,
30,health district,Southside,2017,perc_hh_with_cable_fiber_dsl,30.4351912773757,percent,
30,health district,Southside,2018,perc_hh_with_cable_fiber_dsl,31.0461615654792,percent,
30,health district,Southside,2019,perc_hh_with_cable_fiber_dsl,31.8035326929036,percent,
31,health district,Thomas Jefferson,2017,perc_hh_with_cable_fiber_dsl,58.7987553823428,percent,
31,health district,Thomas Jefferson,2018,perc_hh_with_cable_fiber_dsl,57.4862096138692,percent,
31,health district,Thomas Jefferson,2019,perc_hh_with_cable_fiber_dsl,57.0325111878538,percent,
32,health district,Three Rivers,2017,perc_hh_with_cable_fiber_dsl,42.1180777399803,percent,
32,health district,Three Rivers,2018,perc_hh_with_cable_fiber_dsl,43.20741415774,percent,
32,health district,Three Rivers,2019,perc_hh_with_cable_fiber_dsl,45.4818398613756,percent,
33,health district,Virginia Beach,2017,perc_hh_with_cable_fiber_dsl,80.9313722567683,percent,
33,health district,Virginia Beach,2018,perc_hh_with_cable_fiber_dsl,81.0189615452773,percent,
33,health district,Virginia Beach,2019,perc_hh_with_cable_fiber_dsl,81.7550556798089,percent,
34,health district,West Piedmont,2017,perc_hh_with_cable_fiber_dsl,49.0742472414438,percent,
34,health district,West Piedmont,2018,perc_hh_with_cable_fiber_dsl,49.7991967871486,percent,
34,health district,West Piedmont,2019,perc_hh_with_cable_fiber_dsl,51.5842927202532,percent,
35,health district,Western Tidewater,2017,perc_hh_with_cable_fiber_dsl,58.867577973226,percent,
35,health district,Western Tidewater,2018,perc_hh_with_cable_fiber_dsl,59.3049522154648,percent,
35,health district,Western Tidewater,2019,perc_hh_with_cable_fiber_dsl,60.8999914449482,percent,
4,health district,Central Shenandoah,2017,perc_hh_with_cable_fiber_dsl,53.8570297980561,percent,
4,health district,Central Shenandoah,2018,perc_hh_with_cable_fiber_dsl,54.7745346384346,percent,
4,health district,Central Shenandoah,2019,perc_hh_with_cable_fiber_dsl,55.9175391750404,percent,
5,health district,Central Virginia,2017,perc_hh_with_cable_fiber_dsl,49.4220145774641,percent,
5,health district,Central Virginia,2018,perc_hh_with_cable_fiber_dsl,50.3701268294627,percent,
5,health district,Central Virginia,2019,perc_hh_with_cable_fiber_dsl,50.9899714602822,percent,
6,health district,Chesapeake,2017,perc_hh_with_cable_fiber_dsl,71.33721140297,percent,
6,health district,Chesapeake,2018,perc_hh_with_cable_fiber_dsl,71.2572717559064,percent,
6,health district,Chesapeake,2019,perc_hh_with_cable_fiber_dsl,72.3744534408184,percent,
7,health district,Chesterfield,2017,perc_hh_with_cable_fiber_dsl,78.8030991570815,percent,
7,health district,Chesterfield,2018,perc_hh_with_cable_fiber_dsl,79.7549949373226,percent,
7,health district,Chesterfield,2019,perc_hh_with_cable_fiber_dsl,80.088141025641,percent,
8,health district,Chickahominy,2017,perc_hh_with_cable_fiber_dsl,62.9807269980147,percent,
8,health district,Chickahominy,2018,perc_hh_with_cable_fiber_dsl,64.6690379109916,percent,
8,health district,Chickahominy,2019,perc_hh_with_cable_fiber_dsl,64.5792630676949,percent,
9,health district,Crater,2017,perc_hh_with_cable_fiber_dsl,43.0851158884183,percent,
9,health district,Crater,2018,perc_hh_with_cable_fiber_dsl,44.697638295619,percent,
9,health district,Crater,2019,perc_hh_with_cable_fiber_dsl,46.2584432577713,percent,
